{
  "opStack": [9, 51.839285714285715, 44, 109],
  "developerEcosystem": [4, 36.80102040816327, 34, 107],
  "collectiveGovernance": [14, 47.416666666666664, 47, 88],
  "endUserExperience": [4, 27.538235294117648, 26, 99]
}
