{
  "Education": 3064659.5299999993,
  "Infrastructure": 3706329.1300000004,
  "Tooling and utilities": 3229011.4
}