{
  "education": [
    724,
    43780.357142857145,
    20329,
    256294
  ],
  "infrastructure": [
    985,
    86193.23255813954,
    58260,
    557301
  ],
  "tooling": [
    594,
    39377.71951219512,
    18416,
    181764
  ]
}